item_id,category,relation,ground_truth_label,model_name,raw_response,parsed_label,is_parseable,is_correct,latency_seconds,error
vsr_4f766f327ec1,projective_spatial,below,0,jetson-qwen2.5vl:3b-q4_K_M,NO,0,True,1,85.507,
vsr_ed8962def028,projective_spatial,parallel to,1,jetson-qwen2.5vl:3b-q4_K_M,NO,0,True,0,59.901,
vsr_15d8070d62a9,projective_spatial,in front of,1,jetson-qwen2.5vl:3b-q4_K_M,YES,1,True,1,58.298,
vsr_00e12c629a5a,projective_spatial,at the right side of,0,jetson-qwen2.5vl:3b-q4_K_M,NO,0,True,1,57.833,
vsr_a80dede6fff7,projective_spatial,at the right side of,0,jetson-qwen2.5vl:3b-q4_K_M,NO,0,True,1,59.83,
vsr_d76a1691f58e,projective_spatial,at the right side of,0,jetson-qwen2.5vl:3b-q4_K_M,YES,1,True,0,58.153,
vsr_55454651c7da,projective_spatial,left of,0,jetson-qwen2.5vl:3b-q4_K_M,YES,1,True,0,57.111,
vsr_6dae73d2b55f,projective_spatial,on top of,1,jetson-qwen2.5vl:3b-q4_K_M,YES,1,True,1,59.428,
vsr_8cb582fd8e3e,projective_spatial,facing,1,jetson-qwen2.5vl:3b-q4_K_M,YES,1,True,1,58.023,
vsr_1e3c2d4e57ea,projective_spatial,in front of,0,jetson-qwen2.5vl:3b-q4_K_M,NO,0,True,1,60.077,
vsr_8d89eaea2379,projective_spatial,facing away from,0,jetson-qwen2.5vl:3b-q4_K_M,YES,1,True,0,59.114,
vsr_29733bfd1466,projective_spatial,behind,0,jetson-qwen2.5vl:3b-q4_K_M,NO,0,True,1,59.297,
vsr_68894f67bde3,projective_spatial,under,1,jetson-qwen2.5vl:3b-q4_K_M,NO,0,True,0,59.474,
vsr_d455a5c6f1b4,projective_spatial,below,0,jetson-qwen2.5vl:3b-q4_K_M,NO,0,True,1,59.612,
vsr_bcd6de4b2765,projective_spatial,under,1,jetson-qwen2.5vl:3b-q4_K_M,YES,1,True,1,57.532,
vsr_87fb9e837b78,projective_spatial,behind,0,jetson-qwen2.5vl:3b-q4_K_M,NO,0,True,1,57.682,
vsr_d36905500b87,projective_spatial,over,1,jetson-qwen2.5vl:3b-q4_K_M,NO,0,True,0,58.999,
vsr_4c277639dc0c,projective_spatial,behind,0,jetson-qwen2.5vl:3b-q4_K_M,NO,0,True,1,59.797,
vsr_354f550a4743,projective_spatial,behind,1,jetson-qwen2.5vl:3b-q4_K_M,YES,1,True,1,58.583,
vsr_3d3fce2b10f0,projective_spatial,perpendicular to,0,jetson-qwen2.5vl:3b-q4_K_M,NO,0,True,1,59.166,
vsr_2c20eac6befd,projective_spatial,below,1,jetson-qwen2.5vl:3b-q4_K_M,YES,1,True,1,57.623,
vsr_aae41bbb1ae6,projective_spatial,above,1,jetson-qwen2.5vl:3b-q4_K_M,NO,0,True,0,58.486,
vsr_fb7e7adae7ed,projective_spatial,left of,1,jetson-qwen2.5vl:3b-q4_K_M,YES,1,True,1,57.61,
vsr_5b5ab5579a0f,projective_spatial,at the left side of,1,jetson-qwen2.5vl:3b-q4_K_M,NO,0,True,0,57.36,
vsr_172f117f63ee,projective_spatial,above,1,jetson-qwen2.5vl:3b-q4_K_M,YES,1,True,1,58.975,
vsr_dcf947c79df6,projective_spatial,in front of,1,jetson-qwen2.5vl:3b-q4_K_M,NO,0,True,0,57.734,
vsr_64e8659dc1ca,projective_spatial,below,0,jetson-qwen2.5vl:3b-q4_K_M,NO,0,True,1,59.409,
vsr_2d67cec357bb,projective_spatial,on top of,1,jetson-qwen2.5vl:3b-q4_K_M,YES,1,True,1,58.695,
vsr_5a9d50f53478,projective_spatial,on top of,0,jetson-qwen2.5vl:3b-q4_K_M,NO,0,True,1,58.501,
vsr_64f2a707f9a8,projective_spatial,below,1,jetson-qwen2.5vl:3b-q4_K_M,YES,1,True,1,59.51,
vsr_16541fff623c,projective_spatial,facing,0,jetson-qwen2.5vl:3b-q4_K_M,NO,0,True,1,57.319,
vsr_c7851274a7f4,projective_spatial,behind,0,jetson-qwen2.5vl:3b-q4_K_M,NO,0,True,1,57.444,
vsr_dfe0a4baf0eb,projective_spatial,under,1,jetson-qwen2.5vl:3b-q4_K_M,YES,1,True,1,58.638,
vsr_d388b8cb9273,projective_spatial,on top of,0,jetson-qwen2.5vl:3b-q4_K_M,NO,0,True,1,57.435,
vsr_7a8532fc978f,projective_spatial,under,1,jetson-qwen2.5vl:3b-q4_K_M,YES,1,True,1,57.362,
vsr_530286dae1db,projective_spatial,beneath,1,jetson-qwen2.5vl:3b-q4_K_M,YES,1,True,1,59.188,
vsr_27779499d5a5,projective_spatial,beneath,1,jetson-qwen2.5vl:3b-q4_K_M,NO,0,True,0,59.45,
vsr_6b3087eb0c2f,projective_spatial,at the right side of,0,jetson-qwen2.5vl:3b-q4_K_M,NO,0,True,1,57.663,
vsr_0c1b0cc6480d,projective_spatial,on top of,0,jetson-qwen2.5vl:3b-q4_K_M,NO,0,True,1,56.157,
vsr_a7b64eae3a6b,projective_spatial,behind,1,jetson-qwen2.5vl:3b-q4_K_M,YES,1,True,1,58.189,
vsr_50a471666610,projective_spatial,parallel to,0,jetson-qwen2.5vl:3b-q4_K_M,YES,1,True,0,57.257,
vsr_f69d4cb9053e,projective_spatial,in front of,0,jetson-qwen2.5vl:3b-q4_K_M,NO,0,True,1,58.604,
vsr_eb43a18e3052,projective_spatial,below,1,jetson-qwen2.5vl:3b-q4_K_M,NO,0,True,0,58.466,
vsr_b92e41813f3f,projective_spatial,behind,1,jetson-qwen2.5vl:3b-q4_K_M,YES,1,True,1,57.408,
vsr_6e1d7d608fb2,projective_spatial,parallel to,1,jetson-qwen2.5vl:3b-q4_K_M,NO,0,True,0,59.482,
vsr_75c03d55b1f0,projective_spatial,at the right side of,0,jetson-qwen2.5vl:3b-q4_K_M,NO,0,True,1,57.112,
vsr_a03acf1711c2,projective_spatial,at the right side of,1,jetson-qwen2.5vl:3b-q4_K_M,YES,1,True,1,59.01,
vsr_caa108a48297,projective_spatial,beneath,0,jetson-qwen2.5vl:3b-q4_K_M,NO,0,True,1,57.664,
vsr_1dc8f7eaf7ae,projective_spatial,at the right side of,0,jetson-qwen2.5vl:3b-q4_K_M,NO,0,True,1,59.383,
vsr_647a07a45d2a,projective_spatial,at the left side of,0,jetson-qwen2.5vl:3b-q4_K_M,NO,0,True,1,56.167,
vsr_ea6af9c64b6b,topological_containment,contains,0,jetson-qwen2.5vl:3b-q4_K_M,NO,0,True,1,58.842,
vsr_516a11bcd21c,topological_containment,in,1,jetson-qwen2.5vl:3b-q4_K_M,YES,1,True,1,59.182,
vsr_66220f0f52dc,topological_containment,at the edge of,1,jetson-qwen2.5vl:3b-q4_K_M,YES,1,True,1,59.25,
vsr_994b3d8ef82b,topological_containment,at the edge of,0,jetson-qwen2.5vl:3b-q4_K_M,NO,0,True,1,57.851,
vsr_fb96ad7709bf,topological_containment,into,1,jetson-qwen2.5vl:3b-q4_K_M,YES,1,True,1,59.492,
vsr_d20e954c57b6,topological_containment,inside,0,jetson-qwen2.5vl:3b-q4_K_M,NO,0,True,1,57.542,
vsr_0b0b9dd6ed9e,topological_containment,in,0,jetson-qwen2.5vl:3b-q4_K_M,NO,0,True,1,57.653,
vsr_41dabe8b4e0b,topological_containment,contains,0,jetson-qwen2.5vl:3b-q4_K_M,NO,0,True,1,59.541,
vsr_a65921d2c09b,topological_containment,contains,1,jetson-qwen2.5vl:3b-q4_K_M,YES,1,True,1,57.817,
vsr_f592bb16a0fd,topological_containment,part of,1,jetson-qwen2.5vl:3b-q4_K_M,YES,1,True,1,59.237,
vsr_be98518a9cb7,topological_containment,consists of,1,jetson-qwen2.5vl:3b-q4_K_M,NO,0,True,0,57.539,
vsr_b81f1280b35c,topological_containment,part of,0,jetson-qwen2.5vl:3b-q4_K_M,NO,0,True,1,57.613,
vsr_7e1f5f7afb02,topological_containment,within,0,jetson-qwen2.5vl:3b-q4_K_M,NO,0,True,1,56.23,
vsr_9c80a84b137b,topological_containment,at the edge of,1,jetson-qwen2.5vl:3b-q4_K_M,YES,1,True,1,59.959,
vsr_b739b04a389a,topological_containment,surrounding,1,jetson-qwen2.5vl:3b-q4_K_M,YES,1,True,1,57.337,
vsr_30e2bb5da563,topological_containment,at the edge of,0,jetson-qwen2.5vl:3b-q4_K_M,NO,0,True,1,58.595,
vsr_69ccab9e938f,topological_containment,contains,1,jetson-qwen2.5vl:3b-q4_K_M,YES,1,True,1,59.236,
vsr_2763629b87b8,topological_containment,contains,0,jetson-qwen2.5vl:3b-q4_K_M,NO,0,True,1,57.46,
vsr_bb00d64169b2,topological_containment,at the edge of,0,jetson-qwen2.5vl:3b-q4_K_M,NO,0,True,1,59.104,
vsr_b3be54b95909,topological_containment,inside,0,jetson-qwen2.5vl:3b-q4_K_M,NO,0,True,1,57.675,
vsr_f6af63b191e3,topological_containment,in the middle of,0,jetson-qwen2.5vl:3b-q4_K_M,NO,0,True,1,57.422,
vsr_50ba30b793c6,topological_containment,contains,1,jetson-qwen2.5vl:3b-q4_K_M,YES,1,True,1,58.481,
vsr_ba5beda7da10,topological_containment,inside,0,jetson-qwen2.5vl:3b-q4_K_M,NO,0,True,1,57.226,
vsr_2bb9c9455e0b,topological_containment,in,1,jetson-qwen2.5vl:3b-q4_K_M,YES,1,True,1,59.102,
vsr_34aafa485e0f,topological_containment,within,1,jetson-qwen2.5vl:3b-q4_K_M,NO,0,True,0,57.432,
vsr_e500fc4459af,topological_containment,at the edge of,0,jetson-qwen2.5vl:3b-q4_K_M,NO,0,True,1,56.181,
vsr_c7da882ea3be,topological_containment,in,1,jetson-qwen2.5vl:3b-q4_K_M,YES,1,True,1,1.143,
vsr_3b1ba4bf23ca,topological_containment,in the middle of,1,jetson-qwen2.5vl:3b-q4_K_M,NO,0,True,0,57.738,
vsr_0a1b7161f7ba,topological_containment,at the edge of,1,jetson-qwen2.5vl:3b-q4_K_M,YES,1,True,1,59.269,
vsr_755290b0e0f5,topological_containment,part of,0,jetson-qwen2.5vl:3b-q4_K_M,NO,0,True,1,59.013,
vsr_22a0e5846e87,topological_containment,in,0,jetson-qwen2.5vl:3b-q4_K_M,NO,0,True,1,59.205,
vsr_ecaae972bc48,topological_containment,inside,1,jetson-qwen2.5vl:3b-q4_K_M,YES,1,True,1,57.519,
vsr_31189ad7687f,topological_containment,surrounding,1,jetson-qwen2.5vl:3b-q4_K_M,YES,1,True,1,57.631,
vsr_a3ebdcf906c4,topological_containment,at the edge of,1,jetson-qwen2.5vl:3b-q4_K_M,YES,1,True,1,59.59,
vsr_a53541c645a4,topological_containment,inside,0,jetson-qwen2.5vl:3b-q4_K_M,NO,0,True,1,57.219,
vsr_95f1684e9a71,topological_containment,inside,1,jetson-qwen2.5vl:3b-q4_K_M,YES,1,True,1,57.646,
vsr_4ceb3625b429,topological_containment,inside,0,jetson-qwen2.5vl:3b-q4_K_M,NO,0,True,1,59.189,
vsr_17f735b5d49a,topological_containment,contains,1,jetson-qwen2.5vl:3b-q4_K_M,YES,1,True,1,57.47,
vsr_f7afbc44d484,topological_containment,inside,1,jetson-qwen2.5vl:3b-q4_K_M,YES,1,True,1,62.894,
vsr_fadfc0f85c60,topological_containment,contains,0,jetson-qwen2.5vl:3b-q4_K_M,NO,0,True,1,58.534,
vsr_9e86ab35053d,topological_containment,at the edge of,0,jetson-qwen2.5vl:3b-q4_K_M,NO,0,True,1,58.665,
vsr_a6fa0f85f17c,topological_containment,at the edge of,1,jetson-qwen2.5vl:3b-q4_K_M,NO,0,True,0,56.833,
vsr_a5a6c3b7439c,topological_containment,enclosed by,1,jetson-qwen2.5vl:3b-q4_K_M,YES,1,True,1,59.385,
vsr_29e7a8a895f9,topological_containment,at the edge of,1,jetson-qwen2.5vl:3b-q4_K_M,YES,1,True,1,57.968,
vsr_ce0f2459ca7f,topological_containment,inside,0,jetson-qwen2.5vl:3b-q4_K_M,NO,0,True,1,56.416,
vsr_5d4991d8d679,topological_containment,part of,0,jetson-qwen2.5vl:3b-q4_K_M,NO,0,True,1,1.473,
vsr_46e6cecdcbb8,topological_containment,at the edge of,1,jetson-qwen2.5vl:3b-q4_K_M,YES,1,True,1,59.3,
vsr_a9431a112ad2,topological_containment,contains,0,jetson-qwen2.5vl:3b-q4_K_M,NO,0,True,1,56.657,
vsr_515d4744ccf1,topological_containment,in,0,jetson-qwen2.5vl:3b-q4_K_M,NO,0,True,1,56.539,
vsr_51e2db7a8e4d,topological_containment,part of,0,jetson-qwen2.5vl:3b-q4_K_M,NO,0,True,1,58.442,
